,SEED,RAM,TERM,HAM_LOS,PREC,REC,F1
0,0.0,3.0,3.0,0.16666666666666666,1.0,0.2,0.33333333333333337
