,SEED,RAM,TERM,HAM_LOS,PREC,REC,F1
0,1.0,3.0,3.0,0.23737373737373738,0.4,0.08888888888888889,0.14545454545454545
1,0.0,3.0,3.0,0.18686868686868688,0.75,0.20930232558139536,0.32727272727272727
