,SEED,RAM,TERM,HAM_LOS,PREC,REC,F1
0,0.0,4.0,4.0,0.23737373737373738,0.32142857142857145,0.24324324324324326,0.27692307692307694
1,0.0,4.0,3.0,0.21212121212121213,0.3076923076923077,0.10810810810810811,0.16
2,0.0,3.0,4.0,0.23737373737373738,0.32142857142857145,0.24324324324324326,0.27692307692307694
3,0.0,3.0,3.0,0.21212121212121213,0.3076923076923077,0.10810810810810811,0.16
