,SEED,RAM,TERM,HAM_LOS,PREC,REC,F1
0,1.0,3.0,3.0,0.2916666666666667,0.25,0.2,0.22222222222222224
1,0.0,3.0,3.0,0.16666666666666666,1.0,0.2,0.33333333333333337
