,SEED,RAM,TERM,HAM_LOS,PREC,REC,F1
0,1.0,4.0,4.0,0.18686868686868688,0.64,0.36363636363636365,0.463768115942029
1,1.0,4.0,3.0,0.22727272727272727,0.47368421052631576,0.20454545454545456,0.28571428571428575
2,1.0,3.0,4.0,0.1919191919191919,0.625,0.3409090909090909,0.4411764705882353
3,1.0,3.0,3.0,0.22727272727272727,0.47368421052631576,0.20454545454545456,0.28571428571428575
4,0.0,4.0,4.0,0.23737373737373738,0.32142857142857145,0.24324324324324326,0.27692307692307694
5,0.0,4.0,3.0,0.21212121212121213,0.3076923076923077,0.10810810810810811,0.16
6,0.0,3.0,4.0,0.23737373737373738,0.32142857142857145,0.24324324324324326,0.27692307692307694
7,0.0,3.0,3.0,0.21212121212121213,0.3076923076923077,0.10810810810810811,0.16
